{
  "height": 493.0739299610895,
  "width": 383.50194552529183,
  "x": 526.277561608301,
  "y": 209.18287937743193,
  "z": 2000
}