{
  "height": 209.92545260915867,
  "width": 294.44089456869006,
  "x": 740.19169329073475,
  "y": 0,
  "z": 1000
}