{
  "height": 703.175965665236,
  "width": 506.78111587982829,
  "x": 9.613733905579398,
  "y": 0,
  "z": 0
}