{
  "height": 494.73411154345013,
  "width": 267.2892347600519,
  "x": 981.16731517509731,
  "y": 209.18287937743193,
  "z": 1002
}